Independent Variable,elim_pick,elim_progression,rank,worlds_qual_winrate,worlds_winrate
blue_banners,0.05442519206114827,0.119834051843693,0.08033066728314223,0.050742799901054424,0.057136478232569655
norm_epa,0.15246591409495908,0.3567286907109426,0.44949402288120416,0.24203424844476146,0.23247889555943604
state_epa_percentile,0.12512860985801547,0.15056716427768715,0.32116929425097646,0.15703295990133376,0.1515375423272211
state_epa_rank,0.03190709400156948,0.06072290503230096,0.09480122611714267,0.06877702722340376,0.06657582679995876
total_epa_percentile,0.1385319244519582,0.17596277835635654,0.3726227713305884,0.18596824868023848,0.1777075526799928
total_epa_rank,0.09438267915076826,0.15246631913489023,0.2740503371846204,0.16896683462641282,0.16100421150790423
